Set_1,Set_2
MAN1A1,EGF
MAN1A2,TGFA
MAN1B1,EGFR
MAN1C1,ERBB2
MAN2A1,FHIT
MAN2A2,NORE1A
MGAT1,RASSF5
MGAT2,MST1
MGAT3,STK4
MGAT4A,RASSF1
MGAT4B,CCND1
MGAT4C,BAD
MGAT5,KRAS
B4GALT1,PI3K
B4GALT2,PIK3CA
FUT1,PIK3CB
FUT2,PIK3CD
FUT3,PIK3R1
FUT4,PIK3R2
FUT5,PIK3R3
FUT6,PKB
FUT7,AKT
FUT8,AKT3
FUT9,AKT1
ST3GAL1,AKT2
ST3GAL2,CASP9
ST6GAL1,PDK1
,PDPK1
,FOXO3
,GRB2
,SOS
,SOS1
,SOS2
,RAS
,HRAS
,KRAS
,NRAS
,RAF
,ARAF
,RAF1
,BRAF
,MEK
,MAP2K1
,MAP2K2
,ERK
,MAPK1
,MAPK3
,PLCY
,PLCG1
,PLCG2
,PKC
,PRKCA
,PRKCB
,PRKCG
,BAD
,PI3K
,PIK3CA
,PIK3CB
,PIK3CD
,PKB
,AKT
,AKT3
,AKT1
,AKT2
,CASP9
,PDK1
,PDPK1
,FOXO3
,JAK3
,STAT3
,STAT5A
,STAT5B
,EML4ALK
,ALK
,EML4
,RARB
,RXR
,RXRA
,RXRB
,RXRG
,CDKN2A
,CDK4
,CDK6
,CCND1
,RB
,RB1
,E2F
,E2F1
,E2F2
,E2F3
,CCND1
,P53
,TP53
,P21
,CDKN1A
,GADD45
,GADD45G
,GADD45A
,GADD45B
,BAX
,BAK
,BAK1
,P48
,DDB2
,POLK
